VOT,center,block,condition,label,word,stage,session,randomized_trial
-5,NA,3,NA,NA,din,test3,test,test3
5,NA,3,NA,NA,din,test3,test,test3
15,NA,3,NA,NA,din,test3,test,test3
25,NA,3,NA,NA,din,test3,test,test3
30,NA,3,NA,NA,dip,test3,test,test3
35,NA,3,NA,NA,dip,test3,test,test3
40,NA,3,NA,NA,dip,test3,test,test3
45,NA,3,NA,NA,dip,test3,test,test3
50,NA,3,NA,NA,dil,test3,test,test3
55,NA,3,NA,NA,dil,test3,test,test3
65,NA,3,NA,NA,dil,test3,test,test3
70,NA,3,NA,NA,dil,test3,test,test3
-10,d,3,c1,1,dil,exposure3,exposure,exposure3
-10,d,3,c1,0,dip,exposure3,exposure,exposure3
-5,d,3,c1,1,din,exposure3,exposure,exposure3
-5,d,3,c1,0,din,exposure3,exposure,exposure3
0,d,3,c1,0,dil,exposure3,exposure,exposure3
0,d,3,c1,1,dil,exposure3,exposure,exposure3
0,d,3,c1,1,din,exposure3,exposure,exposure3
0,d,3,c1,1,dip,exposure3,exposure,exposure3
0,d,3,c1,1,dip,exposure3,exposure,exposure3
5,d,3,c1,1,dip,exposure3,exposure,exposure3
5,d,3,c1,0,din,exposure3,exposure,exposure3
5,d,3,c1,1,dil,exposure3,exposure,exposure3
5,d,3,c1,0,din,exposure3,exposure,exposure3
5,d,3,c1,0,dil,exposure3,exposure,exposure3
5,d,3,c1,0,dip,exposure3,exposure,exposure3
10,d,3,c1,1,dip,exposure3,exposure,exposure3
10,d,3,c1,1,din,exposure3,exposure,exposure3
10,d,3,c1,0,dip,exposure3,exposure,exposure3
10,d,3,c1,0,dil,exposure3,exposure,exposure3
10,d,3,c1,1,dil,exposure3,exposure,exposure3
10,d,3,c1,0,dip,exposure3,exposure,exposure3
10,d,3,c1,0,din,exposure3,exposure,exposure3
15,d,3,c1,0,dil,exposure3,exposure,exposure3
15,d,3,c1,1,din,exposure3,exposure,exposure3
30,t,3,c1,1,din,exposure3,exposure,exposure3
30,t,3,c1,1,din,exposure3,exposure,exposure3
35,t,3,c1,0,dip,exposure3,exposure,exposure3
35,t,3,c1,0,dil,exposure3,exposure,exposure3
35,t,3,c1,0,dil,exposure3,exposure,exposure3
35,t,3,c1,0,dip,exposure3,exposure,exposure3
40,t,3,c1,0,dip,exposure3,exposure,exposure3
40,t,3,c1,1,dil,exposure3,exposure,exposure3
40,t,3,c1,0,din,exposure3,exposure,exposure3
40,t,3,c1,1,din,exposure3,exposure,exposure3
45,t,3,c1,0,dip,exposure3,exposure,exposure3
45,t,3,c1,1,dil,exposure3,exposure,exposure3
45,t,3,c1,1,dil,exposure3,exposure,exposure3
45,t,3,c1,1,dip,exposure3,exposure,exposure3
45,t,3,c1,1,din,exposure3,exposure,exposure3
50,t,3,c1,0,din,exposure3,exposure,exposure3
50,t,3,c1,0,dil,exposure3,exposure,exposure3
55,t,3,c1,0,din,exposure3,exposure,exposure3
55,t,3,c1,1,dip,exposure3,exposure,exposure3
55,t,3,c1,1,dil,exposure3,exposure,exposure3
55,t,3,c1,1,dip,exposure3,exposure,exposure3
70,t,3,c1,1,dip,exposure3,exposure,exposure3
75,t,3,c1,0,dil,exposure3,exposure,exposure3
80,t,3,c1,0,din,exposure3,exposure,exposure3
NA,left,3,c1,0,left,exposure3,exposure,exposure3
NA,left,3,c1,1,left,exposure3,exposure,exposure3
NA,left,3,c1,0,left,exposure3,exposure,exposure3
NA,right,3,c1,1,right,exposure3,exposure,exposure3
NA,right,3,c1,0,right,exposure3,exposure,exposure3
NA,right,3,c1,1,right,exposure3,exposure,exposure3
-5,NA,4,NA,NA,dil,test4,test,test4
5,NA,4,NA,NA,dil,test4,test,test4
15,NA,4,NA,NA,dil,test4,test,test4
25,NA,4,NA,NA,dil,test4,test,test4
30,NA,4,NA,NA,din,test4,test,test4
35,NA,4,NA,NA,din,test4,test,test4
40,NA,4,NA,NA,din,test4,test,test4
45,NA,4,NA,NA,din,test4,test,test4
50,NA,4,NA,NA,dip,test4,test,test4
55,NA,4,NA,NA,dip,test4,test,test4
65,NA,4,NA,NA,dip,test4,test,test4
70,NA,4,NA,NA,dip,test4,test,test4
-20,d,1,c1,1,din,exposure1,exposure,exposure1
-10,d,1,c1,0,dil,exposure1,exposure,exposure1
-5,d,1,c1,1,dip,exposure1,exposure,exposure1
-5,d,1,c1,0,dip,exposure1,exposure,exposure1
0,d,1,c1,0,dil,exposure1,exposure,exposure1
0,d,1,c1,1,dip,exposure1,exposure,exposure1
0,d,1,c1,1,dil,exposure1,exposure,exposure1
0,d,1,c1,1,din,exposure1,exposure,exposure1
5,d,1,c1,0,din,exposure1,exposure,exposure1
5,d,1,c1,0,dip,exposure1,exposure,exposure1
5,d,1,c1,1,din,exposure1,exposure,exposure1
5,d,1,c1,1,dil,exposure1,exposure,exposure1
5,d,1,c1,1,dil,exposure1,exposure,exposure1
5,d,1,c1,0,din,exposure1,exposure,exposure1
10,d,1,c1,1,din,exposure1,exposure,exposure1
10,d,1,c1,1,dil,exposure1,exposure,exposure1
15,d,1,c1,0,dip,exposure1,exposure,exposure1
15,d,1,c1,1,dip,exposure1,exposure,exposure1
15,d,1,c1,0,din,exposure1,exposure,exposure1
15,d,1,c1,0,dil,exposure1,exposure,exposure1
15,d,1,c1,0,dil,exposure1,exposure,exposure1
20,d,1,c1,0,din,exposure1,exposure,exposure1
20,d,1,c1,0,dip,exposure1,exposure,exposure1
20,d,1,c1,1,dip,exposure1,exposure,exposure1
30,t,1,c1,0,dip,exposure1,exposure,exposure1
30,t,1,c1,0,din,exposure1,exposure,exposure1
30,t,1,c1,1,din,exposure1,exposure,exposure1
30,t,1,c1,1,dip,exposure1,exposure,exposure1
30,t,1,c1,1,dil,exposure1,exposure,exposure1
35,t,1,c1,1,dil,exposure1,exposure,exposure1
40,t,1,c1,0,dip,exposure1,exposure,exposure1
40,t,1,c1,0,dip,exposure1,exposure,exposure1
40,t,1,c1,0,din,exposure1,exposure,exposure1
45,t,1,c1,0,dil,exposure1,exposure,exposure1
50,t,1,c1,0,dil,exposure1,exposure,exposure1
50,t,1,c1,1,dil,exposure1,exposure,exposure1
50,t,1,c1,1,dip,exposure1,exposure,exposure1
55,t,1,c1,0,din,exposure1,exposure,exposure1
55,t,1,c1,0,din,exposure1,exposure,exposure1
60,t,1,c1,0,dil,exposure1,exposure,exposure1
60,t,1,c1,0,dip,exposure1,exposure,exposure1
60,t,1,c1,1,dip,exposure1,exposure,exposure1
60,t,1,c1,1,din,exposure1,exposure,exposure1
60,t,1,c1,1,dil,exposure1,exposure,exposure1
65,t,1,c1,1,din,exposure1,exposure,exposure1
65,t,1,c1,0,dil,exposure1,exposure,exposure1
70,t,1,c1,1,dip,exposure1,exposure,exposure1
75,t,1,c1,1,din,exposure1,exposure,exposure1
NA,left,1,c1,0,left,exposure1,exposure,exposure1
NA,left,1,c1,1,left,exposure1,exposure,exposure1
NA,left,1,c1,0,left,exposure1,exposure,exposure1
NA,right,1,c1,1,right,exposure1,exposure,exposure1
NA,right,1,c1,0,right,exposure1,exposure,exposure1
NA,right,1,c1,1,right,exposure1,exposure,exposure1
-5,NA,5,NA,NA,dip,test5,test,test5
5,NA,5,NA,NA,dip,test5,test,test5
15,NA,5,NA,NA,dip,test5,test,test5
25,NA,5,NA,NA,dip,test5,test,test5
30,NA,5,NA,NA,dil,test5,test,test5
35,NA,5,NA,NA,dil,test5,test,test5
40,NA,5,NA,NA,dil,test5,test,test5
45,NA,5,NA,NA,dil,test5,test,test5
50,NA,5,NA,NA,din,test5,test,test5
55,NA,5,NA,NA,din,test5,test,test5
65,NA,5,NA,NA,din,test5,test,test5
70,NA,5,NA,NA,din,test5,test,test5
-10,d,2,c1,1,din,exposure2,exposure,exposure2
-5,d,2,c1,1,din,exposure2,exposure,exposure2
-5,d,2,c1,1,din,exposure2,exposure,exposure2
-5,d,2,c1,1,dip,exposure2,exposure,exposure2
0,d,2,c1,1,dip,exposure2,exposure,exposure2
0,d,2,c1,0,dil,exposure2,exposure,exposure2
0,d,2,c1,1,dip,exposure2,exposure,exposure2
0,d,2,c1,1,dip,exposure2,exposure,exposure2
5,d,2,c1,1,dil,exposure2,exposure,exposure2
5,d,2,c1,0,dip,exposure2,exposure,exposure2
5,d,2,c1,0,dil,exposure2,exposure,exposure2
5,d,2,c1,0,din,exposure2,exposure,exposure2
5,d,2,c1,1,dil,exposure2,exposure,exposure2
5,d,2,c1,0,din,exposure2,exposure,exposure2
10,d,2,c1,0,din,exposure2,exposure,exposure2
10,d,2,c1,0,dip,exposure2,exposure,exposure2
10,d,2,c1,0,dip,exposure2,exposure,exposure2
10,d,2,c1,0,dil,exposure2,exposure,exposure2
10,d,2,c1,0,dil,exposure2,exposure,exposure2
10,t,2,c1,1,din,exposure2,exposure,exposure2
15,d,2,c1,1,din,exposure2,exposure,exposure2
15,d,2,c1,0,din,exposure2,exposure,exposure2
15,t,2,c1,1,din,exposure2,exposure,exposure2
20,d,2,c1,1,dil,exposure2,exposure,exposure2
20,d,2,c1,0,dip,exposure2,exposure,exposure2
20,t,2,c1,0,din,exposure2,exposure,exposure2
25,d,2,c1,1,dil,exposure2,exposure,exposure2
25,t,2,c1,1,dil,exposure2,exposure,exposure2
25,t,2,c1,1,dil,exposure2,exposure,exposure2
30,t,2,c1,1,dip,exposure2,exposure,exposure2
30,t,2,c1,1,dip,exposure2,exposure,exposure2
35,t,2,c1,1,din,exposure2,exposure,exposure2
40,t,2,c1,1,din,exposure2,exposure,exposure2
45,t,2,c1,0,dip,exposure2,exposure,exposure2
45,t,2,c1,1,dil,exposure2,exposure,exposure2
45,t,2,c1,0,din,exposure2,exposure,exposure2
45,t,2,c1,0,dip,exposure2,exposure,exposure2
45,t,2,c1,0,dil,exposure2,exposure,exposure2
50,t,2,c1,1,dip,exposure2,exposure,exposure2
50,t,2,c1,0,dip,exposure2,exposure,exposure2
55,t,2,c1,0,din,exposure2,exposure,exposure2
55,t,2,c1,0,dil,exposure2,exposure,exposure2
55,t,2,c1,1,dip,exposure2,exposure,exposure2
55,t,2,c1,0,dil,exposure2,exposure,exposure2
60,t,2,c1,1,dil,exposure2,exposure,exposure2
60,t,2,c1,0,dil,exposure2,exposure,exposure2
65,t,2,c1,0,din,exposure2,exposure,exposure2
85,t,2,c1,0,dip,exposure2,exposure,exposure2
NA,left,2,c1,0,left,exposure2,exposure,exposure2
NA,left,2,c1,1,left,exposure2,exposure,exposure2
NA,left,2,c1,0,left,exposure2,exposure,exposure2
NA,right,2,c1,1,right,exposure2,exposure,exposure2
NA,right,2,c1,0,right,exposure2,exposure,exposure2
NA,right,2,c1,1,right,exposure2,exposure,exposure2
-5,NA,6,NA,NA,din,test6,test,test6
5,NA,6,NA,NA,din,test6,test,test6
15,NA,6,NA,NA,din,test6,test,test6
25,NA,6,NA,NA,din,test6,test,test6
30,NA,6,NA,NA,dip,test6,test,test6
35,NA,6,NA,NA,dip,test6,test,test6
40,NA,6,NA,NA,dip,test6,test,test6
45,NA,6,NA,NA,dip,test6,test,test6
50,NA,6,NA,NA,dil,test6,test,test6
55,NA,6,NA,NA,dil,test6,test,test6
65,NA,6,NA,NA,dil,test6,test,test6
70,NA,6,NA,NA,dil,test6,test,test6
-5,NA,1,NA,NA,dil,test1,test,test1
5,NA,1,NA,NA,dil,test1,test,test1
15,NA,1,NA,NA,dil,test1,test,test1
25,NA,1,NA,NA,dil,test1,test,test1
30,NA,1,NA,NA,din,test1,test,test1
35,NA,1,NA,NA,din,test1,test,test1
40,NA,1,NA,NA,din,test1,test,test1
45,NA,1,NA,NA,din,test1,test,test1
50,NA,1,NA,NA,dip,test1,test,test1
55,NA,1,NA,NA,dip,test1,test,test1
65,NA,1,NA,NA,dip,test1,test,test1
70,NA,1,NA,NA,dip,test1,test,test1
-5,NA,2,NA,NA,dip,test2,test,test2
5,NA,2,NA,NA,dip,test2,test,test2
15,NA,2,NA,NA,dip,test2,test,test2
25,NA,2,NA,NA,dip,test2,test,test2
30,NA,2,NA,NA,dil,test2,test,test2
35,NA,2,NA,NA,dil,test2,test,test2
40,NA,2,NA,NA,dil,test2,test,test2
45,NA,2,NA,NA,dil,test2,test,test2
50,NA,2,NA,NA,din,test2,test,test2
55,NA,2,NA,NA,din,test2,test,test2
65,NA,2,NA,NA,din,test2,test,test2
70,NA,2,NA,NA,din,test2,test,test2
